# Crew roles (GDD §5.4). MVP set: Laborer, Sailor, Guard, Agent.
#
# Every crew member is a named individual with morale, loyalty and traits. None of that is
# here — this table is what a role costs and what it does, per day. The individual's state
# lives in the world, not in balance data.
#
# wage_coin       paid at the day boundary. Unpaid wages are the first link in the cascade
#                 (§5.2.3): reserves out -> wages unpaid -> morale and loyalty fall.
# work_rate       multiplier on the output of a building this role staffs
# food_per_day    consumed regardless of work; the morale floor depends on it
# rum_per_day     morale good, not a need. Rum is ImportOnly, so in Phase 1 there is none
#                 to drink — which is a real state to observe, not a gap to paper over.

id,wage_coin,work_rate,food_per_day,rum_per_day
laborer,2,1.00,1.0,0.00
sailor,3,1.00,1.0,0.25
guard,3,0.80,1.0,0.25
agent,5,0.60,1.0,0.50
