# Log channel thresholds. Edit and relaunch; no rebuild.
#
# A channel logs at its level and everything more severe. Off silences it entirely.
# Levels: Trace, Debug, Info, Warn, Error, Off
#
#   Trace   firehose: per-entity, per-tick. Off unless something is being hunted.
#   Debug   how the machinery ran: what loaded, what was skipped, timings.
#   Info    milestones worth seeing while scanning the file.
#   Warn    wrong but survivable: a default substituted, a file missing.
#   Error   broken.
#
# The '*' row is the threshold for every channel, applied before the rows below, so a channel
# omitted here still gets a sensible level.
#
# Channel names are the LogChannel enum, so a typo is a load failure naming the valid ones —
# never a phantom channel configured while the real one silently keeps its default. Same rule
# for level names. A channel that quietly stops logging is the logging equivalent of a system
# missing from pipeline.csv.
#
# None of this is the kill switch. Log.Enabled turns everything off in one boolean read, for
# when logging itself is the performance problem.

channel,level
*,Info
Boot,Info
Content,Info
Pipeline,Info
Commands,Info
Events,Info
State,Info
Game,Info
Misc,Info
